"Post.Office","County","State","Established","Discontinued","Latitude","Longitude"
"KIDRON","Sequoyah","OK",1835,1869,,
"NASHVILLE","Milam","TX",1835,1868,30.825778,-96.652877
"BIG CREEK","Fort Bend","TX",1838,1867,29.3691298,-95.5768892
"PORT CADDO","Harrison","TX",1839,1866,,
"WEST LIBERTY","Liberty","TX",1839,1867,30.0632707,-94.799923
"SMITHFIELD","Polk","TX",1840,1871,,
"MOORES'","Bowie","TX",1841,1866,,
"PULASKI","Panola","TX",1841,1867,,
"BOONVILLE","Brazos","TX",1842,1866,30.6707532,-96.3246843
"ALTA SPRINGS","Falls","TX",1844,1868,31.2860113,-96.6705351
"BEDI","Grimes","TX",1845,1866,,
"CUNNINGHAM'S","Bastrop","TX",1845,1870,,
"GRAND CANE","Liberty","TX",1845,1870,30.3210425,-94.7504803
"BEAR CREEK","Sabine","TX",1847,1866,31.2943526,-93.7837938
"BUFFALO","Henderson","TX",1847,1868,32.2723687,-96.2799781
"CEDAR BAYOU","Chambers","TX",1847,1866,,
"GLADE SPRING","Harrison","TX",1847,1866,,
"SAN JACINTO","Harris","TX",1847,1866,29.7056271,-95.1154866
"TARRANT","Hopkins","TX",1847,1871,,
"BEAVER","Anderson","TX",1848,1868,,
"GULF PRAIRIE","Brazoria","TX",1848,1866,,
"MCMILLAN'S","Panola","TX",1848,1866,,
"MUSKETE","Navarro","TX",1848,1867,,
"PINE TREE","Gregg","TX",1848,1871,32.5145915,-94.7827125
"REED'S SETTLEMENT","Panola","TX",1848,1868,,
"RICHLAND CROSSING","Navarro","TX",1848,1871,,
"WHITE COTTAGE","Shelby","TX",1848,1866,,
"ASH SPRING","Harrison","TX",1849,1869,,
"FLORA","Smith","TX",1849,1866,,
"FOUR MILE PRAIRIE","Van Zandt","TX",1849,1866,,
"GILLELAND CREEK","Travis","TX",1849,1866,30.2263228,-97.5405548
"GRAND SALINE","Mayes","OK",1849,1866,,
"LIVE OAK","Dewitt","TX",1849,1868,,
"PLEASANT HILL","Hopkins","TX",1849,1866,,
"SULPHUR SPRINGS","Cherokee","TX",1849,1869,,
"ARMSTRONG ACADEMY","Bryan","OK",1850,1869,34.0506514,-96.1088735
"BAPTIST MISSION","Adair","OK",1850,1866,,
"COTTON PLANT","Rusk","TX",1850,1866,,
"EARPVILLE","Gregg","TX",1850,1868,,
"HOOKER","Hunt","TX",1850,1868,,
"NAVARRO","Leon","TX",1850,1866,,
"PROVIDENCE HILL","Hardin","TX",1850,1867,,
"RABBIT CREEK","Gregg","TX",1850,1866,32.4401498,-94.7838238
"TROY","Freestone","TX",1850,1866,,
"UNION BRIDGE","Titus","TX",1850,1866,,
"WACO VILLAGE","McLennan","TX",1850,1866,,
"BIRDSVILLE","Tarrant","TX",1851,1868,32.8045737,-97.2594592
"COPANO","Refugio","TX",1851,1867,,
"MAGNOLIA","Anderson","TX",1851,1871,31.6590616,-95.737735
"POINT MONTEREY","Marion","TX",1851,1867,,
"SEVEN LEAGUES","Smith","TX",1851,1869,32.2540406,-95.4260661
"TAOS","Navarro","TX",1851,1870,,
"TIMBER CREEK","Hunt","TX",1851,1871,33.0684499,-96.0027471
"UMPQUA CITY","Douglas","OR",1851,1869,43.7095613,-124.1651146
"BILLUM'S CREEK","Tyler","TX",1852,1866,31.007139,-94.4338114
"FOSTER'S BAR","Yuba","CA",1852,1866,39.436002,-121.1299567
"GREEN SPRINGS","Tuolumne","CA",1852,1869,37.8902043,-120.563534
"HALL'S BLUFF","Houston","TX",1852,1866,31.3593462,-95.6593966
"HAMBURG","Van Zandt","TX",1852,1866,,
"HERRINGTON'S","Angelina","TX",1852,1866,31.252133,-94.4263131
"HOLLY SPRING","Wood","TX",1852,1866,32.8251295,-95.1918877
"KEECHIL","Freestone","TX",1852,1866,,
"OPHIRVILLE","Placer","CA",1852,1866,,
"PIERPONT PLACE","Dewitt","TX",1852,1870,,
"POINT PLEASANT","Gregg","TX",1852,1871,,
"RETINA","Hopkins","TX",1852,1867,,
"SAND SPRING","Wood","TX",1852,1866,,
"WHITE ROCK","Hill","TX",1852,1868,,
"WOODBOROUGH","Grayson","TX",1852,1866,,
"BONITA","Guadalupe","TX",1853,1866,,
"DON PEDRO'S BAR","Tuolumne","CA",1853,1866,,
"FORT INGE","Uvalde","TX",1853,1868,29.1777403,-99.7645006
"ILLINOISTOWN","Placer","CA",1853,1866,39.0882299,-120.9566092
"INDIAN DIGGINGS","El Dorado","CA",1853,1869,38.58074,-120.5768715
"JOHNSON'S RANCHE","Yuba","CA",1853,1866,39.0298944,-121.4302363
"LUK-FAH-TAH","McCurtain","OK",1853,1866,,
"MURVAL","Rusk","TX",1853,1866,,
"PEACH TREE VILLAGE","Tyler","TX",1853,1867,30.9449166,-94.6132598
"PRAIRIE MOUNT","Lamar","TX",1853,1869,,
"SAND FLY","Bastrop","TX",1853,1871,,
"SNELLING'S RANCH","Merced","CA",1853,1870,37.5191028,-120.4374151
"BRIGHT STAR","Hopkins","TX",1854,1871,,
"BROCKSVILLE","Ellis","TX",1854,1868,,
"CANEY HEAD","Hardin","TX",1854,1866,30.4993735,-94.1674086
"CEDAR FORK","Kaufman","TX",1854,1866,,
"CLAYTON","Grayson","TX",1854,1866,,
"DUNCAN'S WOODS","Orange","TX",1854,1866,,
"ECLETO","Karnes","TX",1854,1871,29.0463605,-97.751388
"GOSHEN","Walker","TX",1854,1866,30.6221418,-95.7213361
"HAVANA","Cass","TX",1854,1866,,
"HILLIARD'S","Shelby","TX",1854,1869,,
"LINEVILLE","Panola","TX",1854,1868,,
"OMAHA CITY","Douglas","NE",1854,1871,41.2494431,-95.9316809
"PALACE HILL","Dallas","TX",1854,1866,,
"PLATTE'S MOUTH","Cass","NE",1854,1867,41.0113881,-95.8822312
"RATTLESNAKE BAR","Placer","CA",1854,1869,38.8160114,-121.0896677
"RUDYVILLE","Hidalgo","TX",1854,1870,,
"SECRET RAVINE","Placer","CA",1854,1868,39.1171195,-120.8996623
"STAFFORD'S POINT","Fort Bend","TX",1854,1869,,
"TRINIDAD","Kaufman","TX",1854,1866,,
"TRUIT'S STORE","Shelby","TX",1854,1867,,
"UNION","Washington","TX",1854,1868,,
"ALGUNA","San Patricio","TX",1855,1866,,
"ASHLAND","Geary","KS",1855,1868,,
"ASHLAND MILLS","Jackson","OR",1855,1871,42.1967981,-122.7089212
"FLINTHAM'S TAN YARD","Red River","TX",1855,1866,,
"FRANKLIN","Douglas","KS",1855,1867,38.9375034,-95.1852492
"HARTSVILLE","Austin","TX",1855,1867,29.6577367,-96.1080153
"HENDERSONVILLE","Anderson","TX",1855,1870,,
"INDIANOLA","Shawnee","KS",1855,1868,39.1036105,-95.6933152
"KANOSHE","Cass","NE",1855,1868,40.8861115,-95.8558391
"LEAVENWORTH CITY","Leavenworth","KS",1855,1871,39.3111112,-94.9224637
"LISBON","Placer","CA",1855,1866,39.0007303,-120.9924431
"LOOKOUT","Leon","TX",1855,1866,,
"MUDDY","Yamhill","OR",1855,1869,45.1153935,-123.3162168
"NEILSBURGH","Placer","CA",1855,1866,,
"ODESSA","Wise","TX",1855,1866,,
"PAMPLIN'S CREEK","Tyler","TX",1855,1866,30.9635311,-94.2435285
"RED DOG","Nevada","CA",1855,1869,39.2165633,-120.8993866
"SAINT JOSEPH","Pembina","ND",1855,1871,48.922979,-97.915961
"SAINT STEPHENS","Richardson","NE",1855,1868,40.1902779,-95.5391504
"SHIELDS","Jefferson","KS",1855,1868,,
"STATION CREEK","Coryell","TX",1855,1871,31.3704465,-97.4941814
"WHITEHEAD","Doniphan","KS",1855,1866,,
"WILLOW SPRINGS","Milam","TX",1855,1866,31.0807314,-97.7683521
"WOODLAND","Hopkins","TX",1855,1866,33.0767842,-95.4210605
"BIG ROCK","Van Zandt","TX",1856,1868,32.3593106,-95.9410786
"BUCHANAN","Platte","NE",1856,1867,,
"CATHOLIC MISSION","Neosho","KS",1856,1868,37.5189412,-95.1733086
"COURTLAND","Cass","TX",1856,1867,,
"CRIMEA","Hill","TX",1856,1866,,
"ETNA","Polk","OR",1856,1868,44.9665071,-123.2178789
"FLOWERDALE","Freestone","TX",1856,1866,,
"FORT BELKNAP","Young","TX",1856,1866,,
"FORT TERAN","Angelina","TX",1856,1866,,
"GOULDSBOROUGH","Titus","TX",1856,1866,,
"GREENWADE'S MILLS","Hill","TX",1856,1866,,
"KENTON","Geary","KS",1856,1867,,
"KIDD'S MILLS","Leon","TX",1856,1868,,
"LIBERTY","Benton","OR",1856,1867,44.6831763,-123.2039866
"MIAMI VILLAGE","Miami","KS",1856,1870,,
"MOUNT OPHIR","Mariposa","CA",1856,1868,37.5146589,-120.0646231
"OGBURN","Smith","TX",1856,1866,,
"PALO ALTO","Gonzales","TX",1856,1866,,
"PLEASANT VALLEY","Pawnee","NE",1856,1869,40.0083332,-96.0197225
"REYNOLDS FERRY","Calaveras","CA",1856,1868,37.9804801,-120.5349218
"RINGGOLD","Leon","TX",1856,1867,,
"ROCK CREEK","Pottawatamie","KS",1856,1867,,
"SEBASTOPOL","Napa","CA",1856,1867,38.4032447,-122.3627551
"WALNUT GROVE","Doniphan","KS",1856,1870,,
"BROOKLYN","Linn","KS",1857,1871,38.2947448,-94.7794039
"BUCHANAN","Johnson","TX",1857,1868,32.4070861,-97.4539083
"CAMP HUDSON","Val Verde","TX",1857,1866,,
"CENTRAL CITY","Burt","NE",1857,1870,41.8805437,-96.1489051
"CLAPP'S CREEK","Leon","TX",1857,1866,31.1604616,-95.7560617
"CORA","Comanche","TX",1857,1868,,
"CRESCENT VILLAGE","Refugio","TX",1857,1867,,
"DAYTON","San Jacinto","TX",1857,1866,,
"ESTILL'S STATION","Tarrant","TX",1857,1868,,
"EUTAW","Limestone","TX",1857,1870,31.3107329,-96.6166448
"HAMPDEN","Coffey","KS",1857,1866,38.183634,-95.6974857
"HENRYVILLE","Riley","KS",1857,1870,,
"HODGES' MILLS","Kendall","TX",1857,1870,,
"HYATT","Anderson","KS",1857,1867,38.2275231,-95.297199
"ISLETA","El Paso","TX",1857,1868,31.6984446,-106.3249824
"KEYSVILLE","Kern","CA",1857,1868,35.629675,-118.5148088
"LA FAYETTE","Doniphan","KS",1857,1871,,
"MCKINNEY","Douglas","KS",1857,1868,,
"MONEKA","Linn","KS",1857,1866,38.1486398,-94.8196845
"MOUNT VERNON","Nemaha","NE",1857,1867,40.4769463,-95.7211048
"NOTTINGHAM","Marshall","KS",1857,1869,39.7055548,-96.4169555
"OAK HILL","Fannin","TX",1857,1866,33.5253853,-96.3810943
"OHIO CITY","Franklin","KS",1857,1870,38.4889038,-95.275252
"PARIS","Linn","KS",1857,1870,,
"PARKERSVILLE","Anderson","TX",1857,1866,,
"POWHATAN","Nemaha","KS",1857,1867,39.6333297,-95.8113764
"RUSSELL'S STORE","Palo Pinto","TX",1857,1866,,
"SANDY FORK","Gonzales","TX",1857,1866,29.6849529,-97.417215
"SOUTH SULPHUR","Hunt","TX",1857,1867,33.2651123,-96.0099695
"SPENCER","Red River","TX",1857,1866,,
"SPRINGFIELD","Tuolumne","CA",1857,1868,38.027701,-120.427418
"SQUIRESVILLE","Johnson","KS",1857,1868,,
"STEEL'S CREEK","Limestone","TX",1857,1868,,
"SUMNER","Atchison","KS",1857,1870,39.5194409,-95.1113567
"THOMPSON'S FLAT","Butte","CA",1857,1870,39.5337751,-121.5463589
"TIDWELL CREEK","Hunt","TX",1857,1868,33.1867812,-96.1210846
"TOBOXKY","Pittsburg","OK",1857,1871,,
"WAKARUSA","Douglas","KS",1857,1866,,
"WALLER'S STORE","Austin","TX",1857,1870,,
"ABERDEEN","Smith","TX",1858,1871,,
"ASH POINT","Nemaha","KS",1858,1870,,
"ASHLAND","Tarrant","TX",1858,1867,,
"ATCHISON'S POINT","Tarrant","TX",1858,1868,,
"BALCH","Parker","TX",1858,1866,,
"BEAR GRASS","Limestone","TX",1858,1867,,
"BOIS D'ARC MILLS","Fannin","TX",1858,1866,,
"BRUSHVILLE","Cherokee","KS",1858,1867,,
"CALDWELL'S HILL","Gillespie","TX",1858,1866,,
"CAMANCHE SPRINGS","Blanco","TX",1858,1867,30.4665815,-98.5608646
"CANTON","Anderson","KS",1858,1866,,
"CAREY'S MILLS","ALPINE","CA",1858,1869,,
"CATLETT'S  CREEK","Wise","TX",1858,1867,33.2390067,-97.4394681
"CHARLESTON","Yolo","CA",1858,1871,,
"CLAYS MOUND","Shelby","TX",1858,1866,,
"CROSS ROADS","Williamson","TX",1858,1867,,
"DAY","Washington","TX",1858,1866,,
"DE WITT","Cuming","NE",1858,1871,41.9097218,-96.7419784
"DIAMOND HILL","Linn","OR",1858,1869,44.2804021,-122.9956424
"ELDORADO","Colfax","NE",1858,1870,41.4355664,-97.2125375
"ELLA","Franklin","TX",1858,1866,,
"FERRY POINT","Del Norte","CA",1858,1867,41.6704022,-123.4289454
"FISHERS LANDING","Clark","WA",1858,1870,45.594898,-122.488356
"FOREST HILL","Lyon","KS",1858,1871,38.397237,-96.0280473
"FORT WILLAPA","Pacific","WA",1858,1870,,
"FRANKVILLE","Leon","TX",1858,1866,,
"FREEDOM","Lane","OR",1858,1866,44.2529013,-123.1956485
"GARNETT'S BLUFFS","Fannin","TX",1858,1866,,
"GRAPE CREEK","Gillespie","TX",1858,1869,,
"GREENWOOD","Nacogdoches","TX",1858,1867,31.8215625,-94.4846499
"GRIZZLY BEAR HOUSE","Placer","CA",1858,1871,38.9432315,-120.9799422
"HANCOCK","Houston","TX",1858,1868,,
"HENSON'S CREEK","Coryell","TX",1858,1866,31.3385018,-97.6472408
"KAW CITY","Jefferson","KS",1858,1866,39.0833331,-95.5613668
"LEAL","Bexar","TX",1858,1867,28.9141414,-98.3602905
"MARBLE SALT WORKS","Sequoyah","OK",1858,1871,,
"MILL CREEK","Red River","TX",1858,1870,33.6248326,-94.7977137
"MITTO","Anderson","TX",1858,1866,,
"MOODY'S CROSS ROADS","Leon","TX",1858,1866,,
"MOUNTAIN WELL","Nevada","CA",1858,1866,,
"MUSQUITO","Calaveras","CA",1858,1869,38.3540801,-120.5849283
"NASHVILLE","Coffey","KS",1858,1866,37.2189579,-95.6188678
"NEW LOVEN","Dallas","TX",1858,1867,,
"NOGALLIS PRAIRIE","Trinity","TX",1858,1868,,
"PIEDMONT SPRINGS","Grimes","TX",1858,1866,30.5252019,-96.108568
"POLAND","San Joaquin","CA",1858,1867,,
"PRAIRIE POINT","Wise","TX",1858,1867,33.0534563,-97.4719662
"PREWITT'S TAN YARD","Anderson","TX",1858,1868,,
"PRICE'S STORE","Lamar","TX",1858,1870,,
"REAGAN","Rusk","TX",1858,1866,,
"RIDGE","Colorado","TX",1858,1866,,
"RISING SUN","Jefferson","KS",1858,1866,,
"ROBINSON'S MILLS","Tarrant","TX",1858,1870,,
"ROCK CREEK","Butte","CA",1858,1871,39.9026627,-121.3530221
"RUSH CREEK","Navarro","TX",1858,1871,32.0943216,-96.1180263
"SALSBURY","Sacramento","CA",1858,1869,38.6143495,-121.252449
"SAND FLY","Lee","TX",1858,1869,,
"SPEER'S MILL","Denton","TX",1858,1866,,
"STARK GROVE","McLennan","TX",1858,1866,,
"TUSCALOOSA","Walker","TX",1858,1869,,
"VALLETTA RANCH","Denton","TX",1858,1866,,
"VIRGINIA","Placer","CA",1858,1866,,
"WALLACE","Dodge","NE",1858,1869,41.4630597,-96.7805849
"WHERRY'S","Rusk","TX",1858,1869,,
"WILLIAMSPORT","Shawnee","KS",1858,1870,38.8858364,-95.6958162
"WILLOW CREEK","Robertson","TX",1858,1867,31.2862896,-96.4363604
"WYATT'S STORE","Mariposa","CA",1858,1871,,
"ABERDEEN","Henderson","TX",1859,1866,,
"BARROWDALE","Guadalupe","TX",1859,1866,,
"BEACH VALLEY","Rice","KS",1859,1866,,
"CAPT'S MILL","Hays","TX",1859,1866,,
"COXVILLE","Hill","TX",1859,1867,,
"CROCKETT'S BLUFF","Smith","TX",1859,1866,,
"CUBA","Colorado","TX",1859,1866,,
"ELIZA","Houston","TX",1859,1871,,
"ELKHART","Houston","TX",1859,1866,,
"FORK POINT","Panola","TX",1859,1866,,
"GREEN'S POINT","Hunt","TX",1859,1866,,
"HARRIS' MILL","McCurtain","OK",1859,1866,34.0511111,-94.4869444
"JALAPA","Dodge","NE",1859,1870,41.5416653,-96.5336367
"LANCASTER","Lancaster","NE",1859,1868,40.7791682,-96.708628
"LITTLE VERDIGRIS","Cherokee","OK",1859,1866,,
"LYONS","Miami","KS",1859,1867,,
"MUSTANG","Van Zandt","TX",1859,1866,,
"NEBRASKA CENTRE","Buffalo","NE",1859,1868,40.7639021,-98.9698061
"NORMAN HILL","Bosque","TX",1859,1870,31.7184914,-97.6569661
"NORTON'S GROVE","Tarrant","TX",1859,1866,,
"PAWNEE FORK","Pawnee","KS",1859,1866,38.1686249,-99.0956575
"PIMO VILLAGE","Pinal","AZ",1859,1866,33.1203303,-111.8881936
"POTOSI","Linn","KS",1859,1869,38.1778054,-94.7113471
"SAINT CLAIR","Marion","OR",1859,1869,45.2420624,-123.0006563
"SANTA ROSA","Kenedy","TX",1859,1866,,
"SEARSVILLE","McLennan","TX",1859,1866,,
"SPRINGVILLE","Rains","TX",1859,1868,,
"SQUAW CREEK","Hood","TX",1859,1867,32.2626427,-97.7189162
"STEWART'S CREEK","Denton","TX",1859,1867,33.0973426,-96.8977815
"TULE","Tulare","CA",1859,1871,35.8855094,-119.4851199
"WIGFALL","Houston","TX",1859,1866,,
"WILD CAT BLUFF","Anderson","TX",1859,1870,,
"YEGUA","Washington","TX",1859,1867,,
"ANALY","Sonoma","CA",1860,1870,38.407419,-122.8262148
"BELPASSI","Marion","OR",1860,1871,45.1081752,-122.8975952
"BERLIN","Washington","TX",1860,1871,30.1713271,-96.4458011
"BIG TURKEY","McPherson","KS",1860,1866,,
"BLUFF CREEK","Polk","TX",1860,1866,30.7093656,-94.8040981
"BOWERY","Leon","TX",1860,1866,,
"BURNEY ACADEMY","Marshall","OK",1860,1866,,
"CASA BLANCA","Jim Wells","TX",1860,1866,28.000849,-97.9038886
"CHEROKEE CITY","Cherokee","KS",1860,1870,,
"CHOCTAW AGENCY","LeFlore","OK",1860,1871,,
"CLEAR FORK","Parker","TX",1860,1867,,
"COLUMBUS","Doniphan","KS",1860,1867,39.8552719,-94.9655259
"DALBY'S SPRINGS","Bowie","TX",1860,1866,33.369006,-94.6796521
"DENVER CITY","Denver","CO",1860,1866,,
"DREW'S CORNERS","Polk","TX",1860,1867,,
"EAGLE VALLEY","Leon","TX",1860,1866,,
"EH-YOH-HEE","Cherokee","OK",1860,1866,,
"ELMANDARO","Lyon","KS",1860,1870,,
"ELMENDARO","Lyon","KS",1860,1870,,
"GEORGIAVILLE","Lamar","TX",1860,1867,,
"HERSFELD","Mason","TX",1860,1867,,
"HOME VALLEY","Karnes","TX",1860,1866,,
"HUNTSVILLE","Douglas","CO",1860,1871,,
"LATTINGTON","Bee","TX",1860,1866,,
"LEONVILLE","Coryell","TX",1860,1867,,
"LITTLE STRANGER","Leavenworth","KS",1860,1866,39.1916687,-94.9355203
"LOCUST GROVE","Navarro","TX",1860,1867,,
"MOORE'S RANCH","Marion","KS",1860,1866,38.4861202,-97.2280808
"MOSQUITO PRAIRIE","Lee","TX",1860,1866,,
"MOSS HILL","Liberty","TX",1860,1870,30.2474326,-94.74159
"MOUNT CLARIMER","Rogers","OK",1860,1867,,
"MOUNTAIN CITY","Gilpin","CO",1860,1869,,
"PARRYVILLE","Wood","TX",1860,1869,32.8656836,-95.1577197
"PLATTE VALLEY","Sarpy","NE",1860,1867,,
"PONTON","Williamson","TX",1860,1867,,
"PRAIRIE HOME","Montgomery","TX",1860,1871,,
"SALT CREEK","Cass","NE",1860,1868,,
"SALT HILL","Jack","TX",1860,1867,,
"SANTA GERTRUDES","Kleberg","TX",1860,1866,27.5152985,-97.8841724
"SOWELL'S BLUFF","Fannin","TX",1860,1867,33.7506572,-96.1949813
"SPENCER","Atchison","KS",1860,1867,,
"STOVER'S CROSS ROADS","Kaufman","TX",1860,1870,,
"SUSQUEHANNAH","Butler","NE",1860,1867,,
"TEN MILE","Henderson","TX",1860,1866,,
"WAYSIDE","Marion","TX",1860,1866,,
"WEST FORK","Wise","TX",1860,1867,,
"BATH","Woodson","KS",1861,1869,37.8811472,-95.7333175
"BROWNSVILLE","Nemaha","NE",1861,1870,40.3977793,-95.6580455
"BURNAM","Ellis","TX",1861,1867,,
"BUTTE VALLEY","Butte","CA",1861,1871,,
"CAMDEN","Rusk","TX",1861,1866,,
"CHERRY CREEK","Anderson","KS",1861,1867,38.2408548,-95.4716487
"DANIELSVILLE","Cherokee","OK",1861,1866,,
"ESMERALDA","Mineral","NV",1861,1866,38.2865872,-118.8815295
"GOLD DIRT","Gilpin","CO",1861,1867,39.8894317,-105.5197201
"GRANITE VALE","Park","CO",1861,1870,,
"KEARNEY CITY","Kearney","NE",1861,1870,40.6416798,-99.0475864
"LANESFIELD","Johnson","KS",1861,1870,38.789452,-94.9916332
"LINCOLN","Nemaha","KS",1861,1868,,
"MIAMA PRAIRIE","Thurston","WA",1861,1868,46.8889876,-123.0523633
"MOUNT GILEAD","Anderson","KS",1861,1866,38.3752968,-95.1580275
"NEVADA","Gilpin","CO",1861,1869,,
"PARKVILLE","Summit","CO",1861,1866,39.4988727,-106.9500441
"PLUM CREEK","Kearney","NE",1861,1868,,
"SELLON'S RANCH","Yuba","CA",1861,1866,,
"TEXAS IRON WORKS","Marion","TX",1861,1866,,
"VIOLA","Sacramento","CA",1861,1866,,
"WILLOW","Union","SD",1861,1869,42.602785,-96.559487
"YANCEY","Panola","TX",1861,1866,,
"BATCHELLER","Geary","KS",1862,1868,39.1683299,-96.9125112
"BLACK HAWK POINT","Gilpin","CO",1862,1871,39.8038447,-105.4952375
"CASH CREEK","Lake","CO",1862,1871,,
"CONDIT","Marion","OR",1862,1868,44.8403734,-122.8681379
"COPPEI","Walla Walla","WA",1862,1867,46.2218058,-118.1249494
"ENTERPRISE","Red River","TX",1862,1866,,
"FLORENCE CITY","Idaho","ID",1862,1871,,
"HELL GATE","Missoula","MT",1862,1866,46.8832566,-114.0870563
"HUMBOLDT CITY","Pershing","NV",1862,1869,40.5843501,-118.2118116
"INDIAN CREEK","Linn","KS",1862,1868,,
"INGLEWOOD","Lamar","TX",1862,1866,,
"LEON","Morris","KS",1862,1869,38.8619466,-96.9258454
"MILES RANCH","Richardson","NE",1862,1867,40.0905565,-95.8613828
"MILLERS RANCH","Butte","CA",1862,1866,39.5084978,-121.4644118
"MONOND","Richardson","NE",1862,1869,40.1383341,-95.8794398
"MOUNT STERLING","Bourbon","KS",1862,1871,38.0261436,-95.0241382
"OPHIR","Washoe","NV",1862,1871,39.2924098,-119.8262972
"OSAGE","Colorado","TX",1862,1869,29.7410656,-96.714976
"PETERSBURG","Millard","UT",1862,1868,,
"PLUM GROVE","Atchison","KS",1862,1868,39.4455525,-95.0105206
"RANCHO","Wilson","TX",1862,1866,,
"SAC & FOX AGENCY","Osage","KS",1862,1870,,
"SMITHVILLE","Placer","CA",1862,1869,,
"SOLANO","Solano","CA",1862,1868,,
"STAR CITY","Pershing","NV",1862,1868,40.5443509,-118.1415307
"VALLEY CITY","Kearney","NE",1862,1867,40.6472363,-98.8670235
"WOOD VALLEY","Pueblo","CO",1862,1869,,
"WRIGHTSVILLE","Lamar","TX",1862,1866,,
"AMERICAN RANCH","Weld","CO",1863,1867,,
"BEAR CANON","Douglas","CO",1863,1867,39.54047,-104.98151
"BELLONA","Falls","TX",1863,1869,,
"BEREA","Franklin","KS",1863,1870,38.398074,-95.18525
"CANYON CITY","Lander","NV",1863,1867,39.3463163,-117.1370346
"CHURNTOWN","Shasta","CA",1863,1866,40.6779277,-122.4083434
"FAIRLAND","Marshall","KS",1863,1869,39.9661112,-96.2638996
"FOREST COVE","Union","OR",1863,1868,45.2965257,-117.8079872
"GENTRY","Harris","TX",1863,1866,,
"GRAYS RANCH","Huerfano","CO",1863,1866,,
"GREGORY'S BASIN","Lancaster","NE",1863,1870,,
"LANESBURGH","Marshall","KS",1863,1868,,
"LATHAM","Weld","CO",1863,1870,,
"LOCUST SHADE","San Joaquin","CA",1863,1868,,
"MAMMOTH LEDGE","Douglas","NV",1863,1867,38.8190739,-119.6179486
"MULLANS BRIDGE","Walla Walla","WA",1863,1867,,
"PALMYRA","Lyon","NV",1863,1866,39.1715811,-119.4793339
"PRESTON","Marin","CA",1863,1866,,
"RALSTONS","Jefferson","CO",1863,1870,39.7163781,-105.2923537
"RICH ROW","Leon","TX",1863,1866,,
"SIX MILE CREEK","Morris","KS",1863,1866,38.5602887,-96.7552882
"SOUTH WEBER","Davis","UT",1863,1868,41.1317,-111.9475
"SPRING LAKE VILLA","Utah","UT",1863,1866,,
"STAG MILLS","Franklin","TX",1863,1866,,
"TAHO","El Dorado","CA",1863,1870,,
"ALGER","","UT",1864,1867,,
"AMADOR","Lander","NV",1864,1866,39.5596469,-117.0817576
"AYERSBURGH","Ottawa","KS",1864,1868,39.0936114,-97.6780908
"BREWERS RANCH","Merrick","NE",1864,1869,,
"CROSS CREEK","Shawnee","KS",1864,1868,39.1094434,-95.9669344
"CRYSTAL PEAK","Washoe","NV",1864,1869,39.5132427,-119.9949227
"DIAMOND","Washington","UT",1864,1867,,
"E. T. CITY","Tooele","UT",1864,1866,,
"ELK CREEK","Cloud","KS",1864,1868,39.5694437,-97.4419792
"ESMERALDA","Elmore","ID",1864,1868,,
"GRANT","Geary","KS",1864,1867,,
"GREEN POINT","Clay","SD",1864,1869,42.745276,-96.8292077
"HENNEFER","Summit","UT",1864,1868,41.0166127,-111.4982578
"HOPE VALLEY","Alpine","CA",1864,1868,38.7771285,-119.9329583
"JAMES RIVER","Yankton","SD",1864,1867,42.8713859,-97.2906104
"JUNCTION HOUSE","Weld","CO",1864,1866,,
"LAKE HOUSE","Sacramento","CA",1864,1869,,
"LANGWORTH","Stanislaus","CA",1864,1871,37.7546503,-120.8974333
"LEITCH'S FERRY","Stanislaus","CA",1864,1866,,
"LOG CHAIN","Nemaha","KS",1864,1868,,
"MOUND","Wasatch","UT",1864,1866,,
"MOUNTAIN","Morgan","UT",1864,1871,,
"OSAGE","Miami","KS",1864,1869,38.4258511,-94.8382949
"PAINESVILLE","Nevada","CA",1864,1869,,
"PORTER","Morgan","UT",1864,1866,,
"PRIMROSE","Douglas","NE",1864,1870,41.2833325,-96.3003021
"ROCK CITY","Carbon","WY",1864,1866,,
"ROUND VALLEY","Millard","UT",1864,1866,39.1521827,-112.0654891
"RUBY CITY","Owyhee","ID",1864,1867,43.0251596,-116.7376249
"SAN CARLOS","Tulare","CA",1864,1866,,
"SARPY","Sarpy","NE",1864,1866,,
"SHAMBIP","Tooele","UT",1864,1868,40.3368885,-112.4613423
"SHERIDAN","Lyon","KS",1864,1866,38.506956,-96.2619425
"SILVER KING","Alpine","CA",1864,1866,,
"SILVEYVILLE","Solano","CA",1864,1871,38.4376865,-121.8238513
"SNUGVILLE","San Joaquin","CA",1864,1869,,
"SOLDIERS BRIDGE","Lassen","CA",1864,1867,,
"SPRINGTOWN","Sanpete","UT",1864,1870,,
"UNUNDA","Brown","KS",1864,1871,39.858605,-95.414796
"VINELAND","Washington","UT",1864,1866,,
"WEBER","Morgan","UT",1864,1868,41.036056,-111.6768769
"BIG SANDY","Jefferson","NE",1865,1870,40.2166686,-97.3642071
"CHOTEAU","Bon Homme","SD",1865,1868,,
"DENNISON","Franklin","KS",1865,1868,,
"EAGAN STATION","Umatilla","OR",1865,1867,,
"EL DORADO CANON","Clark","NV",1865,1867,35.7069318,-114.7105314
"EL DORADO CANON","Mohave","AZ",1865,1867,,
"FORT ZARAH","Barton","KS",1865,1871,38.4027778,-98.7305556
"GENESEO","Plumas","CA",1865,1868,40.0429486,-120.7538397
"HERMIT VALLEY","Calaveras","CA",1865,1867,38.5393535,-119.8885147
"JEROME","Anderson","KS",1865,1870,,
"JOHN DAY CITY","Grant","OR",1865,1871,44.4159883,-118.95301
"LA PLATA CITY","Churchill","NV",1865,1867,39.4496425,-118.3115238
"LARIMER MILLLS","Sarpy","NE",1865,1871,41.0666657,-95.9252889
"LINCOLN","Dodge","NE",1865,1868,41.4422213,-96.4761357
"LIVING SPRINGS","Arapahoe","CO",1865,1867,39.891372,-104.300511
"LOS PINOS","Valencia","NM",1865,1866,35.1158787,-106.3166915
"MARSHALL","Umatilla","OR",1865,1869,45.6654083,-118.8077645
"MARTINSBURGH","Butte","CA",1865,1870,39.3648884,-121.696639
"MIDWAY","Lincoln","NE",1865,1867,,
"MONTE VISTA","Alameda","CA",1865,1868,,
"PATTEES RANCH","Calaveras","CA",1865,1871,,
"PINE CREEK","Butte","CA",1865,1871,39.8615481,-121.984149
"POPENS","Nemaha","NE",1865,1866,40.3722228,-95.9586127
"PRAIRIE DU CHIEN","Neosho","KS",1865,1871,37.4931121,-95.4702575
"ROCK CREEK","Jefferson","NE",1865,1867,40.0377816,-97.0247529
"ROGER'S MILLS","Neosho","KS",1865,1870,,
"SAINT CLAIR STATION","Churchill","NV",1865,1869,39.4776947,-118.8465434
"SCOTLAND","Jefferson","KS",1865,1871,,
"SHERMAN","Johnson","KS",1865,1869,38.9536174,-94.7335709
"SMITH'S FERRY","Fresno","CA",1865,1866,36.6007839,-119.4595701
"SOUTH BOULDER","Gilpin","CO",1865,1869,,
"SPORTSMANS HALL","El Dorado","CA",1865,1867,,
"WARRINERVILLE","Boise","ID",1865,1867,,
"WEBSTER","Placer","CA",1865,1867,,
"WILSONS RANCH","Placer","CA",1865,1868,,
"WOLF RIVER","Doniphan","KS",1865,1866,39.8124979,-95.2185859
"WYOMING VALLEY","Clay","KS",1865,1867,,
"ALISAL","Monterey","CA",1866,1869,36.6818642,-121.6043951
"AMERICAN CITY","Storey","NV",1866,1868,39.2699121,-119.6612896
"AYRES RETREAT","Bell","TX",1866,1867,,
"BEARDEN","Lavaca","TX",1866,1866,,
"BELLE MONTE","Boulder","CO",1866,1866,40.0544303,-105.383605
"BRYSON","Johnson","NE",1866,1870,40.4586107,-96.3766803
"CAMP CREEK","Lancaster","NE",1866,1870,40.9499979,-96.4805636
"CARNER PLACE","Plumas","CA",1866,1867,,
"CHARLESTON","Doniphan","KS",1866,1867,39.859717,-95.0433055
"CHRYSOPOLIS","Inyo","CA",1866,1867,36.9604888,-118.196763
"CLAN ALPINE","Churchill","NV",1866,1868,39.5371427,-117.8365086
"CLEMENT","Jefferson","KS",1866,1866,39.0627783,-95.3327512
"CLEVELAND","Humboldt","CA",1866,1868,,
"COLEGROVE POINT","Sutter","CA",1866,1871,38.9087867,-121.7927445
"COPP'S STATION","Wabaunsee","KS",1866,1866,,
"CORDOVA","Gonzales","TX",1866,1867,,
"COXE'S CREEK","Crawford","KS",1866,1867,37.6419893,-94.6238481
"CRYSTAL LAKE","Placer","CA",1866,1868,,
"DAYTON","Lake","CO",1866,1868,39.0827698,-106.3819698
"DONNER LAKE","Nevada","CA",1866,1868,39.322743,-120.2651883
"DOYLE","Marion","KS",1866,1871,38.244462,-96.9280786
"ELBOW","Fresno","CA",1866,1868,,
"ELK GROVE","Carbon","WY",1866,1869,,
"ENRIQUITA","Pima","AZ",1866,1867,,
"ETNA","Pershing","NV",1866,1866,40.3710187,-118.3204234
"EUGENE","Shawnee","KS",1866,1870,39.0722221,-95.6669256
"EVAN'S RANCH","Lassen","CA",1866,1868,,
"EXCELSIOR","Pueblo","CO",1866,1871,38.2622242,-104.3519123
"FORT AUBREY","Hamilton","KS",1866,1866,37.9861111,-101.6708333
"FORT ELLSWORTH","Ellsworth","KS",1866,1866,38.7111197,-98.1572769
"FORT FLETCHER","Ellis","KS",1866,1867,38.8625117,-99.3462153
"FORT JOHN BUFORD","Albany","WY",1866,1866,,
"FORT JUNCTION","Gilpin","CO",1866,1867,,
"FORT MOORE","Weld","CO",1866,1868,,
"FORT MORGAN","Weld","CO",1866,1868,40.2502582,-103.799951
"FORT SEDGWICK","Weld","CO",1866,1869,40.9430477,-102.3804646
"FREDERICKTOWN","Coffey","KS",1866,1871,38.097803,-95.8836
"FULTON","Arapahoe","CO",1866,1867,39.72854,-104.87107
"GLADE CREEK","Hopkins","TX",1866,1868,32.8967891,-95.5255101
"GLEN HAMILTON","Nye","NV",1866,1866,38.974928,-117.5064874
"GOLD CREEK","Deer Lodge","MT",1866,1870,46.5865968,-112.928661
"GRANITE CREEK","Pershing","NV",1866,1867,,
"GRANT","Union","SD",1866,1869,,
"HARDEN CITY","Humboldt","NV",1866,1866,41.114621,-119.0023989
"HARVEYVILLE","Humboldt","NV",1866,1867,41.114621,-119.0023989
"HICKMAN","Fremont","CO",1866,1869,,
"HOT SPRINGS","Washoe","NV",1866,1867,40.8604554,-119.3329642
"IDA","Harris","TX",1866,1866,,
"IRON MOUND","Saline","KS",1866,1868,38.8083355,-97.5116988
"ISLAND CREEK","Wyandotte","KS",1866,1866,39.1838913,-94.863852
"IUKA","Labette","KS",1866,1869,,
"JEFFERSON BRIDGE","Jefferson","MT",1866,1870,45.7674264,-112.1758292
"JOHNSONS RANCH","Yuba","CA",1866,1866,39.0298944,-121.4302363
"JUANA LOPEZ","Santa Fe","NM",1866,1870,,
"KELLY'S STATION","Leavenworth","KS",1866,1867,39.1916687,-94.9355203
"LIMA","Pershing","NV",1866,1867,40.3376863,-118.2309758
"LINCOLN","Clark","WA",1866,1870,46.9909589,-120.5389583
"LITTLE KAMAS","Elmore","ID",1866,1868,,
"MEADOW CREEK","Idaho","ID",1866,1867,44.9001852,-115.3334425
"MEADOW LAKE","Nevada","CA",1866,1869,39.3935136,-120.5052081
"MILTON","Red River","TX",1866,1868,,
"MONTANA","Beaverhead","MT",1866,1871,45.2796455,-112.861976
"NASH'S FOUNDRY","Marion","TX",1866,1868,,
"OAK GROVE","Jefferson","NE",1866,1866,,
"ORO","Owyhee","ID",1866,1869,,
"OWENSVILLE","Mono","CA",1866,1870,,
"PALMER'S BRIDGE","Franklin","TX",1866,1868,,
"PERRYVILLE","Jefferson","KS",1866,1866,,
"PETERSVILLE","Cherokee","KS",1866,1869,,
"PIMA VILLAGE","Pinal","AZ",1866,1870,33.1203303,-111.8881936
"RIDGE","Linn","KS",1866,1868,38.2333583,-94.8538516
"ROCK SPRINGS","San Bernardino","CA",1866,1866,34.3973598,-117.1301976
"SALT MARSH","Republic","KS",1866,1871,,
"SMOKE CREEK","Washoe","NV",1866,1867,40.447403,-119.6668629
"SPRING CITY","Washoe","NV",1866,1866,40.8604554,-119.3329642
"SPRING VALLEY","Leavenworth","KS",1866,1870,,
"UNION","Canyon","ID",1866,1868,,
"WALNUT CREEK","Crawford","KS",1866,1871,,
"WEIMER","Wood","TX",1866,1871,,
"WEISER RANCH","Washington","ID",1866,1870,,
"WILLIAMSPORT","La Paz","AZ",1866,1867,,
"ATLANTA CITY","Elmore","ID",1867,1870,,
"BARRETTS HILL","Wilson","KS",1867,1870,,
"BIG CREEK STATION","Ellis","KS",1867,1867,38.8791783,-99.3267702
"CABINET LANDING","Missoula","MT",1867,1867,,
"CALDWELL'S STORE","Leon","TX",1867,1870,,
"CALETA","Polk","TX",1867,1868,30.8838001,-95.0099345
"CALLVILLE","Clark","NV",1867,1869,36.1133128,-114.688872
"CAMP HENDERSON","Johnson","TX",1867,1867,,
"CARNEROS","Napa","CA",1867,1868,38.2438049,-122.32053
"CECILS","Morrow","OR",1867,1870,45.6179092,-119.9589226
"CLEAR CREEK","Marion","KS",1867,1867,38.3616823,-97.0216892
"COTTAGE HOME","Grimes","TX",1867,1867,,
"DAVENPORT","Cowlitz","WA",1867,1868,,
"DELTA MILLS","Walla Walla","WA",1867,1871,,
"DICKENSON'S STATION","Galveston","TX",1867,1867,,
"EAST ARGENTINE","Clear Creek","CO",1867,1867,,
"EASTON","Weber","UT",1867,1868,41.1441105,-111.9232738
"FAIR OAKS","San Mateo","CA",1867,1871,37.4741667,-122.1955556
"FAREWELL BEND","Malheur","OR",1867,1867,,
"FLAT HEAD","Missoula","MT",1867,1868,47.1388162,-114.0176071
"FORT ROACH","Neosho","KS",1867,1869,,
"FRENCH RANCH","Nez Perce","ID",1867,1869,,
"GARFIELD","Gallatin","MT",1867,1868,45.766595,-111.523024
"GENEVA","Lander","NV",1867,1868,39.3971495,-117.0467548
"GLENDALE","Washoe","NV",1867,1868,39.520467,-119.7404658
"HAILESBURGH","Houston","TX",1867,1868,,
"HELL GATE","Missoula","MT",1867,1871,46.8832566,-114.0870563
"HOG CREEK","Bosque","TX",1867,1868,,
"HOG CREEK","McLennan","TX",1867,1867,31.5115548,-97.2508412
"HOT SPRINGS","San Luis Obispo","CA",1867,1870,35.6263591,-120.6921155
"HUNTER'S","Washoe","NV",1867,1870,39.5054659,-119.8946399
"ILLINOIS MILLS","Tulare","CA",1867,1868,,
"IRON CLAD","Limestone","TX",1867,1870,,
"KEARNEY STATION","Kearney","NE",1867,1868,40.6666808,-98.8336888
"LAKELAND","Gonzales","TX",1867,1867,,
"LIBERTY","Woodson","KS",1867,1869,37.7128172,-95.9413768
"LITTLE BLUE","Jefferson","NE",1867,1868,,
"LODI","Miami","KS",1867,1868,38.6194564,-94.6807903
"LOLA","Cherokee","KS",1867,1868,,
"MARTINSVILLE","Gem","ID",1867,1870,,
"MILK RANCH","Jefferson","MT",1867,1869,45.8707598,-112.0994387
"MILLERSBURGH","Washington","UT",1867,1868,,
"MITCHELL'S STATION","Umatilla","OR",1867,1869,45.813744,-118.424688
"MUD MEADOWS","Washoe","NV",1867,1867,41.3079525,-119.3049129
"NEWPORT","Solano","CA",1867,1868,38.0768635,-121.849958
"OLOQUA","Cowlitz","WA",1867,1868,46.3739977,-122.9398396
"OVERTON","Butler","KS",1867,1869,,
"OWYHEE FERRY","Malheur","OR",1867,1868,43.8229394,-117.0196027
"PAH RANAGAT","Lincoln","NV",1867,1867,37.5844037,-115.2252997
"PARADISE","Stanislaus","CA",1867,1870,37.6243751,-121.0554904
"PASS CREEK","Douglas","OR",1867,1869,43.6973426,-123.2859211
"PETROLIOPOLIS","Los Angeles","CA",1867,1871,,
"PUEBLO","Humboldt","NV",1867,1867,,
"SABRA","Saline","KS",1867,1870,,
"SAN ANTONIO","Taos","NM",1867,1868,36.5344701,-105.5838984
"SAVIERSVILLE","Wyandotte","KS",1867,1868,,
"SHELL CREEK","Platte","NE",1867,1869,41.5111218,-97.3392069
"SHEPHARDSVILLE","Ada","ID",1867,1869,,
"SHERIDAN","Greenwood","KS",1867,1869,,
"SHILOH","Houston","TX",1867,1869,,
"SKELTON DEPOT","Choctaw","OK",1867,1868,,
"STARR'S MILL","Smith","TX",1867,1869,,
"SUMMIT SPRINGS","Washoe","NV",1867,1867,40.9057325,-119.6368628
"VALLEY CITY","Neosho","KS",1867,1871,37.4422769,-95.1158051
"VEDDER","Wyandotte","KS",1867,1867,,
"WHITE HORSE","Harney","OR",1867,1867,42.3482221,-118.227939
"WOODLAND","Robertson","TX",1867,1871,,
"ANDERSONVILLE","Pueblo","CO",1868,1869,,
"BAYLAND","Harris","TX",1868,1869,,
"BEAR RIVER","Box Elder","UT",1868,1869,41.7243725,-112.1602302
"BELLEVIEW","Cherokee","OK",1868,1869,,
"BENTON","Carbon","WY",1868,1868,,
"BERGEN","Yankton","SD",1868,1869,,
"BIG COTTONWOOD","Salt Lake","UT",1868,1870,40.5838404,-111.5854758
"BIG HILL","Labette","KS",1868,1871,,
"BIG SPRINGS","Lincoln","NE",1868,1868,,
"BOON","Clackamas","OR",1868,1869,45.2998418,-122.7678727
"BUCKEYE RANCH","Plumas","CA",1868,1870,,
"BUTLER","Johnson","NE",1868,1871,,
"CABIN CREEK","Mayes","OK",1868,1869,36.4459208,-95.1413542
"CAMP MELVIN","Crockett","TX",1868,1870,,
"CEDARFIELD","Grayson","TX",1868,1868,,
"COLUMBIA","Miami","KS",1868,1870,38.6597333,-94.8502396
"COYOTE","Ellis","KS",1868,1868,,
"CROCKETT'S BLUFF","Van Zandt","TX",1868,1869,,
"CURTIS","Cherokee","OK",1868,1869,,
"DALE CITY","Albany","WY",1868,1868,,
"DOWNIEVILLE","Meagher","MT",1868,1869,46.7249378,-111.8480433
"DRY CREEK","Gage","NE",1868,1869,,
"ELK RIVER","Elk","KS",1868,1869,,
"ELKHORN","Lincoln","KS",1868,1871,39.146707,-98.013107
"ELM CREEK","Cloud","KS",1868,1869,39.5694437,-97.4419792
"ELMONT","Cuming","NE",1868,1870,,
"EMANUEL","Bon Homme","SD",1868,1871,42.8399993,-97.9906261
"ENTERPRISE","Morgan","UT",1868,1871,41.0996658,-111.7363245
"EQUALITY","Saline","NE",1868,1870,40.3938916,-97.1975396
"EVANSTON","Summit","UT",1868,1869,,
"FIVE CREEKS","Clay","KS",1868,1869,,
"FLY CREEK","Cherokee","KS",1868,1870,36.993959,-95.0341253
"FORT OWEN","Ravalli","MT",1868,1868,46.5196448,-114.0967702
"GILMER","Uinta","WY",1868,1871,,
"GLEN MARY","Mono","CA",1868,1869,,
"HAMILTON","Crawford","KS",1868,1871,,
"HUNTERS","Grays Harbor","WA",1868,1869,,
"JACKSON","Hill","TX",1868,1868,,
"KEARNEY STATION","Buffalo","NE",1868,1869,,
"LA GRANGE","Morris","KS",1868,1871,,
"LABETTE CITY","Labette","KS",1868,1870,,
"LAKEVIEW","Cuming","NE",1868,1871,41.9886139,-96.91615
"LAVAN","Juab","UT",1868,1868,39.5585686,-111.8618734
"LEARVILLE","Nye","NV",1868,1869,38.9454854,-116.8503589
"LITTLE BRAZOS","Robertson","TX",1868,1870,,
"LOCUST GROVE","Nemaha","NE",1868,1869,40.3925018,-95.7158256
"LOGAN SPRINGS","Lincoln","NV",1868,1871,37.6096792,-115.3928043
"MATTESON","Humboldt","NV",1868,1868,,
"MOUNT NEBO","Miami","KS",1868,1871,38.4528809,-94.9191946
"MULBERRY","Clay","KS",1868,1869,39.5669429,-97.2953088
"NEOLA","Labette","KS",1868,1870,37.2306195,-95.1835788
"PARIS","Gage","NE",1868,1869,,
"PECOS STATION","Crockett","TX",1868,1868,,
"PHIL SHERIDAN","Wallace","KS",1868,1871,,
"PIONEER CITY","Lincoln","OR",1868,1868,44.6401183,-123.8637238
"PLEASANT RUN","Stanton","NE",1868,1871,41.9505618,-97.2247669
"PLUM STATION","Jackson","KS",1868,1868,,
"POND CREEK","Wallace","KS",1868,1870,38.8966762,-101.6104457
"RAVENA CITY","Los Angeles","CA",1868,1871,,
"REBECCA","Lancaster","NE",1868,1871,,
"RED HILL","Cherokee","OK",1868,1869,,
"RICEVILLE","Saline","NE",1868,1869,,
"SALT CREEK","Cloud","KS",1868,1869,39.61945,-97.8736545
"SAN GORGONIO","Riverside","CA",1868,1870,33.9294606,-116.977248
"SAN JOAQUIN VALLEY","San Joaquin","CA",1868,1870,,
"SCALESVILLE","Choctaw","OK",1868,1870,,
"SCOTTVILLE","Humboldt","NV",1868,1869,,
"SHILOH ACADEMY","Lamar","TX",1868,1871,,
"STONES PRECINCT","Beaverhead","MT",1868,1869,45.3249226,-112.5314032
"STURGIS","Beaverhead","MT",1868,1869,45.1313103,-112.7405791
"SUSCOL","Napa","CA",1868,1869,38.243805,-122.284973
"SUTTON'S STATION","Robertson","TX",1868,1871,,
"UPPER MORA","Mora","NM",1868,1868,,
"VALTA","Solano","CA",1868,1870,,
"VIRGINIA","Colfax","NM",1868,1869,36.5828099,-105.2372282
"WELLBORN'S STATION","Brazos","TX",1868,1870,,
"WHEELER'S STORE","Travis","TX",1868,1869,,
"WHITNEY","Boulder","CO",1868,1871,,
"ADELANTE","Napa","CA",1869,1871,38.1874176,-122.2508042
"ALEXANDRIA","Merced","CA",1869,1871,,
"AUGUR","Douglas","NE",1869,1869,,
"BEAVER HEAD ROCK","Madison","MT",1869,1871,45.3796457,-112.4558421
"BOUDINOT","Cherokee","OK",1869,1869,,
"BRIDGER STATION","Uinta","WY",1869,1871,,
"CALHOUN'S FERRY","Houston","TX",1869,1869,30.9310212,-95.6171668
"CANYON","Canyon","ID",1869,1870,43.7065501,-116.6681933
"CARRIAGE POINT","Bryan","OK",1869,1871,,
"CHELLIS","Woodson","KS",1869,1871,37.8811472,-95.7333175
"CHEROKEE MOUND","Cherokee","KS",1869,1870,,
"CHEYENNE WELLS","Douglas","CO",1869,1870,,
"CLARKE","Wilson","KS",1869,1871,37.5739391,-95.7794262
"COTTONWOOD","Elko","NV",1869,1870,40.6332567,-115.867568
"EARLE","Butler","NE",1869,1870,,
"ELLSWORTH","Butler","NE",1869,1870,,
"FAYETTVILLE","Clay","KS",1869,1871,,
"FORT REYNOLDS","Pueblo","CO",1869,1870,38.230558,-104.3033005
"GEORGETOWN","Lewis & Clark","MT",1869,1871,,
"GRAVELLY FORD","Eureka","NV",1869,1870,40.5815822,-116.3948047
"HIGHLAND","Richardson","NE",1869,1870,,
"HYCO","McPherson","KS",1869,1871,,
"LEWISTON","Cherokee","KS",1869,1871,,
"LINDALE","Osage","KS",1869,1871,38.7250064,-95.6585942
"LIVE OAK","San Joaquin","CA",1869,1871,38.0846426,-121.2527245
"LUCCA","Lander","NV",1869,1869,,
"MADURA","Clay","KS",1869,1871,39.184163,-97.011958
"MCLEAN","Ottawa","OK",1869,1869,,
"MELITA","Alameda","CA",1869,1871,,
"MENDOTA","Labette","KS",1869,1870,37.3403384,-95.2610838
"MONTGOMERY","Montgomery","KS",1869,1871,,
"MOORHEAD","Freestone","TX",1869,1871,,
"NOTTINGHAM","Alameda","CA",1869,1870,37.6818745,-121.7680088
"ONION CREEK","Osage","KS",1869,1870,38.6338981,-95.8258207
"PLATTEVIEW","Washington","NE",1869,1869,,
"PLUM CREEK","Jefferson","KS",1869,1871,39.0952783,-95.2566385
"POLLINGER","Madison","MT",1869,1871,45.5202036,-112.3119437
"POWELL GROVE","Bowie","TX",1869,1870,,
"REAL DE DELORES","Santa Fe","NM",1869,1870,35.3425397,-106.1197448
"RED ROCK","Lincoln","KS",1869,1871,,
"ROSS","Miami","KS",1869,1869,,
"RYAN","Beaverhead","MT",1869,1870,45.1313103,-112.7405791
"SHERMANTOWN","White Pine","NV",1869,1871,39.2027105,-115.5044804
"SODA SPRINGS","Linn","OR",1869,1870,44.4704012,-122.8706437
"STAFFORDSVILLE","Fort Bend","TX",1869,1869,,
"SWAN RIVER","Osage","KS",1869,1869,,
"TABEGAUCHE","Huerfano","CO",1869,1869,,
"TAYLOR'S FERRY","Washington","OR",1869,1869,45.3970629,-122.7878749
"TURKEY CREEK","Yavapai","AZ",1869,1869,34.2389194,-112.2162727
"VIRGINIA","Douglas","CO",1869,1871,,
"WELD","Weld","CO",1869,1870,,
"WEST POINT","Clark","NV",1869,1870,36.6633047,-114.6499915
"WESTRALIA","Montgomery","KS",1869,1870,,
"WHITE HALL","Cass","TX",1869,1871,,
"AKRON","Douglas","KS",1870,1870,,
"ATOY","Cherokee","TX",1870,1871,31.7740638,-95.0132733
"BIG LABETTE","Neosho","KS",1870,1871,,
"BRANSOM","San Diego","CA",1870,1870,33.0780997,-116.6172418
"BRICKVILLE","Merced","CA",1870,1871,,
"BUNCOMB","Brown","KS",1870,1871,,
"BUNKER HILL","Lyon","KS",1870,1870,,
"CEDAR JUNCTION","Mineral","MT",1870,1871,47.1277027,-115.012078
"CENTRAL CITY","Grant","NM",1870,1871,,
"CHERRYVILLE","Montgomery","KS",1870,1871,37.270344,-95.5524788
"COAL CENTRE","Linn","KS",1870,1870,38.0636439,-94.6955145
"CONWAY'S LANDING","Mendocino","CA",1870,1871,,
"COSMOSA","Sedgwick","KS",1870,1871,37.8000123,-97.3183762
"COTTAGE HOME","Cuming","NE",1870,1871,,
"CRESWELL","Labette","KS",1870,1871,,
"CROSS","Lyon","KS",1870,1871,,
"DAYTONVILLE","Labette","KS",1870,1871,,
"DELMONT","Anderson","KS",1870,1870,,
"DONALD","Washington","KS",1870,1870,,
"ELLIS","Ellis","KS",1870,1870,38.9288862,-99.5594474
"EXONVILLE","Wabaunsee","KS",1870,1871,,
"GEORGETOWN","Jefferson","NE",1870,1871,,
"GIRDS CREEK","Ravalli","MT",1870,1871,46.2657549,-114.1356497
"GUAHONGA","San Diego","CA",1870,1871,,
"HARRISBURGH","Lyon","KS",1870,1871,,
"IRON CREEK","Waller","TX",1870,1871,29.7888426,-96.0405133
"JOHNSON'S INSTITUTE","Hays","TX",1870,1871,,
"LAKE STATION","Greenwood","CO",1870,1871,,
"LICK","Fannin","TX",1870,1871,,
"LITTLE WIND RIVER","Fremont","WY",1870,1870,43.0102349,-108.8817904
"LOS ALISOS","Santa Barbara","CA",1870,1871,34.667763,-120.11487
"LOUISVILLE","Mineral","MT",1870,1871,47.0665892,-115.0426339
"MARTINSBURGH","Johnson","KS",1870,1871,38.7647302,-95.0080224
"MERCER'S GAP","Brown","TX",1870,1871,,
"MOUNT CLIFTON","Washington","KS",1870,1871,,
"MOUNTAIN HOME","Bell","TX",1870,1871,,
"NAPIAS","Eureka","NV",1870,1870,39.512151,-115.961724
"NEWPORT","Neosho","KS",1870,1871,,
"ORCUTTVILLE","Neosho","KS",1870,1871,,
"ORISTEMBRA","Stanislaus","CA",1870,1870,,
"OSAGE CENTRE","Osage","KS",1870,1870,38.6100099,-95.684429
"PARSON'S SEMINARY","Travis","TX",1870,1871,,
"PATTY'S MILL","Lyon","KS",1870,1871,,
"PIEDRA BLANCA","San Luis Obispo","CA",1870,1871,35.6944134,-121.1885316
"PROSPECT HILL","Washington","KS",1870,1871,,
"RALSTON","Hidalgo","NM",1870,1871,32.3259161,-108.7383876
"RASPBERRY","Pershing","NV",1870,1870,40.7907376,-118.0209719
"ROCK CREEK","Lyon","KS",1870,1871,,
"ROSE HILL","Neosho","KS",1870,1871,37.4736673,-95.358589
"RUMBURG","Siskiyou","CA",1870,1871,,
"SAINT BENEDICT","Doniphan","KS",1870,1870,,
"SAND FORD","Sedgwick","KS",1870,1871,37.5455735,-97.2689331
"SANFORDVILLE","Cherokee","KS",1870,1871,,
"SIDNEY","Coffey","KS",1870,1871,,
"SPRINGFIELD","Linn","KS",1870,1871,,
"STAR","Lavaca","TX",1870,1871,,
"STRAWNSBURGH","Coffey","KS",1870,1870,,
"THOMPSON'S RIVER","Missoula","MT",1870,1871,47.5763249,-115.2468156
"TIMBER CREEK","Riley","KS",1870,1871,39.3097187,-96.9497353
"TODD'S","Shelby","TX",1870,1871,,
"TRUST","Osage","KS",1870,1870,,
"WAH WAH","Butler","KS",1870,1871,,
"WAH WAH SUK","Shawnee","KS",1870,1871,,
"WARRENSBURG","Iron","UT",1870,1871,,
"WESTERN","Saline","NE",1870,1871,40.3936138,-97.1980952
"ADVANCE","Washington","NE",1871,1871,,
"ALBANY","Saline","NE",1871,1871,,
"ATKINSVILLE","Montgomery","KS",1871,1871,,
"ATTICA","Ellsworth","KS",1871,1871,38.8250106,-98.4753437
"BATTLE MOUND","Tulare","CA",1871,1871,,
"BILL'S CREEK","Chase","KS",1871,1871,38.151684,-96.7961316
"BLACK WARRIOR","Saline","KS",1871,1871,,
"BLUE LAKE","Lake","CA",1871,1871,39.1590579,-122.9894431
"BOULDER","Jefferson","MT",1871,1871,46.2790956,-112.2911223
"BRANCHPORT","Jewell","KS",1871,1871,,
"BRUNO","Montgomery","KS",1871,1871,,
"CARR'S","Hill","TX",1871,1871,,
"CENTRAL GROVE","Shawnee","KS",1871,1871,,
"CENTRE GROVE","Shawnee","KS",1871,1871,,
"CONEBURGH","Marion","KS",1871,1871,38.1694596,-97.1066965
"DANIEL'S SPRINGS","Cherokee","OK",1871,1871,,
"DEANVILLE","Nemaha","KS",1871,1871,,
"DONNEGANNA","Riley","KS",1871,1871,,
"EMMAVILLE","Salt Lake","UT",1871,1871,,
"EPPERSON","Marion","TX",1871,1871,,
"ESOM HILL","Trinity","TX",1871,1871,,
"GAFFNEY'S STATION","Madison","MT",1871,1871,45.5202036,-112.3119437
"HENNING","Bourbon","KS",1871,1871,,
"HOLDEN","San Joaquin","CA",1871,1871,37.9790906,-121.1063313
"HUERFANO CANYON","Huerfano","CO",1871,1871,,
"IRWIN","Neosho","KS",1871,1871,,
"JAY HAWK","Chautauqua","KS",1871,1871,,
"LONE ELM","Chautauqua","KS",1871,1871,,
"NELDON","Seward","NE",1871,1871,,
"NEOSHO","Allen","KS",1871,1871,,
"NEPTAWAH","Sumner","KS",1871,1871,37.2741908,-97.1689296
"NEWTON","Burt","NE",1871,1871,,
"PLEASANT VALLEY","Cowley","KS",1871,1871,37.1125287,-96.9689248
"PRESCOTT","Saline","KS",1871,1871,38.7055591,-97.4280856
"QUICKSAND","Johnson","TX",1871,1871,,
"REEDS STATION","Yuba","CA",1871,1871,,
"SPRING BRANCH","Butler","KS",1871,1871,37.8105725,-97.0128136
"STONEWALL","Freestone","TX",1871,1871,,
"VIRGINIA RANCH","Siskiyou","CA",1871,1871,,
"WOODARD","Fillmore","NE",1871,1871,40.6444514,-97.4489381
"WULSTENVILLE","Fremont","CO",1871,1871,,
